[
  {
    "Title": "Home",
    "Id": "746612",
    "ParentWikiTitle": "Home",
    "FileExtension": "html",
    "UpdatedDate": "2013-06-24T05:40:49.94-07:00",
    "FileAttachments": []
  },
  {
    "Title": "Rules and Guidelines",
    "Id": "455379",
    "ParentWikiTitle": "Documentation",
    "FileExtension": "html",
    "UpdatedDate": "2011-07-28T04:10:46.32-07:00",
    "FileAttachments": []
  },
  {
    "Title": "Documentation",
    "Id": "455356",
    "ParentWikiTitle": "Documentation",
    "FileExtension": "codeplexwiki",
    "UpdatedDate": "2011-07-28T03:24:27.06-07:00",
    "FileAttachments": []
  }
]
